"Elevation1","Elevation2","Size1","Size2","Functional_Group","Overlap","relativeOV","ElevDiff"
"3101","3468",12.6138747455449,5.5608086054772,"Forb",3.8162837081643,26.5787539216644,367
"3101","3468",20.6140849583221,8.54283412338289,"Woody",5.39503955687167,22.7045994035672,367
"3101","3468",120.489610755421,117.981581940806,"Graminoid",79.3888920390935,49.9042896105699,367
"3468","3715",5.5608086054772,21.6399892745337,"Forb",4.54574720188114,20.0650498048517,247
"3468","3715",8.54283412338289,71.0489947375399,"Woody",6.9844699127689,9.61950691217985,247
"3468","3715",117.981581940806,285.593785523193,"Graminoid",94.4597888586807,30.5580809886285,247
"3101","3715",12.6138747455449,21.6399892745337,"Forb",7.98598647202424,30.4021002740504,614
"3101","3715",20.6140849583221,71.0489947375399,"Woody",17.5074886280089,23.6091282881009,614
"3101","3715",120.489610755421,285.593785523193,"Graminoid",82.4049280449593,25.4588847057547,614
